Score,Time
135.0,56.53156590461731
180.0,77.49202299118042
55.0,47.69896674156189
140.0,63.72834897041321
