Score,Time
135.0,56.53156590461731
180.0,77.49202299118042
55.0,47.69896674156189
140.0,63.72834897041321
190.0,71.08713746070862
130.0,65.67477941513062
45.0,41.26665282249451
80.0,63.68605852127075
185.0,82.88410091400146
130.0,75.12081623077393
145.0,53.57158279418945
30.0,50.60896396636963
